id,order,featured,name_ja,name_en,nickname,country,current_band,main_guitar,signature_song,points_ja,bio_ja,editor_note_ja,official_site,instagram,x,facebook,youtube,tiktok,photo_url,photo_credit,photo_license,photo_source_url,color,checked_on,source_url,source_label,status
nita-strauss,1,1,ニタ・ストラウス,Nita Strauss,Hurricane Nita,アメリカ,ソロ／Alice Cooper,Ibanez JIVA シリーズ,,Alice Cooperのツアーギタリスト（2014年〜）|Ibanez初の女性シグネチャーアーティスト（JIVAシリーズ）|ソロ作『Controlled Chaos』（2018）『The Call of the Void』（2023）,ロサンゼルス出身のギタリスト。The Iron Maidens（2011〜2014年）などを経て、2014年からAlice Cooperのツアーギタリストを務める。2018年にIbanez初の女性シグネチャーモデル「JIVA」を発表し、同年ソロアルバム『Controlled Chaos』、2023年に『The Call of the Void』をリリース。Demi LovatoのツアーやWWEでの演奏など、ジャンルを越えて活躍している。,激しく動きながら一音も崩さないステージは、一度生で見ると忘れられません。日本のファンとしては、次の来日を心待ちにしています。,https://www.nitastrauss.com/,https://www.instagram.com/hurricanenita/,https://x.com/hurricanenita,https://www.facebook.com/NitaStrauss,https://www.youtube.com/@hurricanenita,https://www.tiktok.com/@hurricanenita,/images/artists/nita-strauss.webp,,,,#ff2bd6,,https://www.nitastrauss.com/,公式,approved
courtney-cox,2,0,コートニー・コックス,Courtney Cox,CC Shred,アメリカ,Burning Witches,Caparison Horus-M3 CC,,2023年からBurning Witchesのリードギタリスト|The Iron Maidensに2008〜2023年の約14年間在籍|Caparison初の女性シグネチャーアーティスト,アメリカのギタリストで、通称「CC Shred」。The Iron Maidensでリードギタリストを長く務め（2008〜2023年）、2023年8月に脱退。現在はスイスのオール女性ヘヴィメタルバンドBurning Witchesのギタリスト。Caparison Guitarsからシグネチャーモデル「Horus-M3 CC」が出ている。女優のCourteney Cox（綴りが違う）とは別人。,正統派メタルの速弾きを、とにかく気持ちよく弾き切るタイプ。Burning Witchesでの新しい一面にも注目です。,https://cc-shred.com/,https://www.instagram.com/ccshred/,https://x.com/ccshred,https://www.facebook.com/courtneycoxofficial,https://www.youtube.com/@CourtneyCoxCCSHRED,https://www.tiktok.com/@ccshred,/images/artists/courtney-cox.webp,,,,#8a5cff,,https://cc-shred.com/,公式,approved
britt-lightning,3,0,ブリット・ライトニング,Britt Lightning,,アメリカ,Vixen,Charvel／Gibson Les Paul,,2017年からVixenのリードギタリスト|Alejandro Sanz、Rachel Plattenなどのツアーに参加|Rock 'N' Roll Fantasy Campの音楽ディレクター,本名はBrittany Denaro。1980年代から続くオール女性ハードロックバンドVixenに2017年から参加。ボストンのJadedなどを経て、Alejandro SanzやRachel Plattenのツアーギタリストも務めた。新プロジェクトThe Jetsettersでも活動している。,80年代ハードロックの華やかさを今に引き継ぐ、ステージ映えするギタリストです。,https://www.brittlightning.com/,https://www.instagram.com/brittlightning/,https://x.com/brittlightning,https://www.facebook.com/BrittLightning,,,/images/artists/britt-lightning.webp,,,,#ffb020,,https://www.brittlightning.com/,公式,approved
anna-cara,4,0,アンナ・カーラ,Anna Cara,,イギリス,Alice Cooper（ツアー）／Crossbone Skully／Storace,Gibson SG,,2026年のAlice Cooperツアーにニタの指名で参加|Crossbone Skully、Storaceのギタリスト|イギリス・ニューカッスル出身,イギリス・ニューカッスル出身のギタリスト、コンテンツクリエイター。Tommy Henriksen主宰のCrossbone Skully、Marc Storace（Krokus）率いるStoraceでギターを弾く。2026年4月からのAlice Cooperツアーでは、産休に入るニタ・ストラウスから直接指名を受けて参加した。,ニタがバトンを渡した相手、というだけで応援したくなります。これからの活躍が一番楽しみな一人です。,https://annacaraofficial.com/,https://www.instagram.com/annacara_1/,,https://www.facebook.com/people/Anna-Cara/100083232076044/,https://www.youtube.com/@AnnaCara1,https://www.tiktok.com/@annacaraofficial,/images/artists/anna-cara.webp,,,,#20d5ff,,https://annacaraofficial.com/,公式,approved
nikki-stringfield,5,0,ニッキー・ストリングフィールド,Nikki Stringfield,,アメリカ,The Iron Maidens／Heaven Below,Schecter Nikki Stringfield A-6 FR S,,女性だけのアイアン・メイデン トリビュートバンド「The Iron Maidens」のギタリスト|2019年からHeaven Belowのギタリスト。ソロではボーカルと作曲も担当|Schecterからシグネチャーモデルが出ている,アメリカ・テキサス州出身。2012年にロサンゼルスへ移り、The Iron Maidensに加入して世界をツアーしてきた。2019年にロサンゼルスのロックバンドHeaven Belowに加入し、同年ソロEP『Harmonies For The Haunted』を発表。ギターだけでなくボーカルと作曲も自分で担当している。2023年に初のフルアルバム『Apocrypha』をリリース。2025年には夫のPatrick Kennisonとのアコースティック編成で、マーティ・フリードマンのツアー「Live Drama Tour」に参加した。Schecterからシグネチャーモデルが出ている。,ニタもコートニーも在籍したThe Iron Maidensで、今まさにギターを弾いているのがニッキー。マーティ・フリードマンのツアーに同行するなど、日本のファンとの距離も縮まってきました。,https://www.nikki-stringfield.com/,https://www.instagram.com/nikki_stringfield/,https://x.com/nikki_shreds,https://www.facebook.com/xNikki.Stringfieldx,https://www.youtube.com/c/NikkiStringfield,,,,,,#3d7bff,2026-10-04,https://www.nikki-stringfield.com/pages/about,公式,approved
orianthi,6,0,オリアンティ,Orianthi,,オーストラリア,ソロ,PRS（シグネチャーモデル）,,マイケル・ジャクソン『This Is It』公演のギタリストに抜擢（2009年）|2011〜2014年はAlice Cooperのツアーギタリスト|シングル「According To You」が世界的ヒット。PRSとGibsonにシグネチャーモデル,オーストラリア・アデレード出身。6歳でギターを始め、11歳でカルロス・サンタナのライブを見てPRSのギターを手にした。18歳のとき地元公演でサンタナと共演。2009年のグラミー賞でキャリー・アンダーウッドと共演した映像がマイケル・ジャクソンの目に留まり、「This Is It」公演のギタリストに選ばれた。同年のメジャーデビュー作『Believe』からシングル「According To You」がヒット。2011年からAlice Cooperのバンドに参加した。最新アルバムは『Some Kind Of Feeling』。PRSとGibsonからシグネチャーモデルが出ている。,ニタの前にアリス・クーパーのバンドでギターを弾いていたのがオリアンティ。ブルースが香る歌心あるソロは、速弾きとはまた違うかっこよさです。,https://www.orianthi.me/,https://www.instagram.com/iamorianthi/,https://x.com/orianthi,https://www.facebook.com/Orianthi/,https://www.youtube.com/@OfficialOrianthi,,,,,,#ff4d6d,2026-10-04,https://www.orianthi.me/,公式,approved
nili-brosh,7,0,ニリ・ブロッシュ,Nili Brosh,,アメリカ,ソロ／Danny Elfman／Dethklok,Ibanez RG（シグネチャー「The Answer」）,,Danny Elfman、Dethklok、シルク・ドゥ・ソレイユで弾く現役のサイドギタリスト|バークリー音楽大学卒。スティーヴ・ヴァイやポール・ギルバートとも共演|2026年にIbanezから初のシグネチャーモデル「The Answer」,イスラエル出身でアメリカを拠点に活動するギタリスト。バークリー音楽大学を卒業し、ソロとサイドギタリストの両方で活躍している。現在はDanny Elfman、シルク・ドゥ・ソレイユ、Dethklok、そして自身のバンドで演奏。これまでにスティーヴ・ヴァイ、ポール・ギルバート、トニー・マカパイン、ガスリー・ゴーヴァン、ジェニファー・バトゥン、The Iron Maidensらと共演してきた。ソロアルバムは『Through The Looking Glass』（2010）、『A Matter of Perception』（2014）、『Spectrum』（2019）。Danny Elfmanの作品やマーベルのアニメ『X-MEN '97』でもギターを録音している。2026年にはIbanezから初のシグネチャーモデル「The Answer」を発表し、4枚目のアルバム『Eventide』をリリースした。,The Iron Maidensやジェニファー・バトゥンとの共演歴もあり、このサイトのギタリストたちとつながりが多い人です。理論派なのにメロディが歌うソロは必聴。,https://www.nilibrosh.com/,https://www.instagram.com/nilibrosh/,,https://www.facebook.com/NiliBroshMusic/,https://www.youtube.com/c/NiliBrosh,,,,,,#ffd23f,2026-10-04,https://www.nilibrosh.com/about,公式,draft
yvette-young,8,0,イヴェット・ヤング,Yvette Young,,アメリカ,Covet,Ibanez YY10（シグネチャー）,,マスロックバンドCovetのギタリスト・ボーカル|両手タッピングと独自のオープンチューニングで知られる|2020年にIbanezからシグネチャーモデル「YY10」,アメリカのギタリスト。4歳でピアノを始め、クラシック音楽の中で育った。高校時代にギターと出会い、独学で弾き始める。両手のタッピング、ハンマリング・オン／プリング・オフ、さまざまなオープンチューニングを組み合わせた独特のスタイルで注目を集め、マスロックバンドCovetで活動している。ピアノやバイオリンも弾くマルチプレイヤーで、美術の学位を持ち、ギターやアルバムのデザインも自分で手がける。2020年に、愛用のIbanez Talmanをもとにしたシグネチャーモデル「YY10」が登場した。,速さではなく、指板の上でピアノを弾くようなタッピングで勝負する人。このサイトの中ではいちばん異色で、だからこそ一度は聴いてほしいギタリストです。,,https://www.instagram.com/yvetteyoung/,,https://www.facebook.com/covetband/,https://www.youtube.com/channel/UChiUSlnHrGCc0TVsuQEFteA,,,,,,#3ddc84,2026-10-04,https://www.ibanez.com/usa/artists/detail/1449.html,公式,draft
sophie-lloyd,9,0,ソフィー・ロイド,Sophie Lloyd,,イギリス,ソロ,Kiesel（シグネチャー）,,Machine Gun Kellyのツアーギタリスト（Mainstream Sellout World Tour）|Kieselで女性初のシグネチャーモデル|2023年にソロアルバム『Imposter Syndrome』,イギリスのギタリスト。YouTube、Instagram、TikTokでのカバー動画やオリジナル曲で人気を集め、「ベッドルーム・ギタリスト」から世界のステージへ進んだ。Kieselから女性として初めてのシグネチャーモデルが出ている。Machine Gun KellyのMainstream Sellout World Tourではギタリストとしてマディソン・スクエア・ガーデンやウェンブリー・アリーナに立った。2023年11月、自身のレーベルからソロアルバム『Imposter Syndrome』を発表し、ロンドンでの初ヘッドライン公演も完売させている。,SNSから大舞台へ、という今の時代らしい道を切り開いた人。シュレッドの技術とポップな見せ方の両方がそろっています。,https://www.sophieguitar.com/,https://www.instagram.com/sophieguitar_/,,https://www.facebook.com/SophieGuitar/,https://www.youtube.com/@SophieLloyd,https://www.tiktok.com/@sophieguitar_,,,,,#a855f7,2026-10-04,https://www.sophieguitar.com/abouts,公式,draft
jennifer-batten,10,0,ジェニファー・バトゥン,Jennifer Batten,,アメリカ,ソロ,Washburn Parallaxe,,マイケル・ジャクソンの3度のワールドツアー（Bad・Dangerous・HIStory）でリードギター|1993年のスーパーボウル・ハーフタイムショーにも出演|1998年からジェフ・ベックのバンドに参加（DVD『Live in Tokyo 1999』）,"アメリカのギタリスト。100人以上の候補の中からマイケル・ジャクソンのバンドに選ばれ、「Bad」ツアーで世界を回った。1992年にソロアルバム『Above, Below and Beyond』を出したあと、再び「Dangerous」ツアーに参加し、1993年のスーパーボウルのハーフタイムショーでも演奏。1997年の「HIStory」ツアーまで3度のワールドツアーに参加した。1998年からはジェフ・ベックのバンドで3年間活動し、『Who Else!』『You Had It Coming』の2作とツアーに参加。東京公演はDVD『Jeff Beck Live in Tokyo 1999』になっている。教則本や教則映像も多く出している。",日本でも「マイケルのバックで弾いていたあの人」として知られる、女性ギタリストの先駆け。ジェフ・ベックとの東京公演は今見てもかっこいいです。,https://www.jenniferbatten.com/,https://www.instagram.com/jenniferbatten1/,https://x.com/mondocongo,,,,,,,,#00c2a8,2026-10-04,https://www.jenniferbatten.com/biography/,公式,draft
tina-s,11,0,ティナ・S,Tina S,,フランス,Spin Twice,Vigier,,2013年、ヴァン・ヘイレン「Eruption」のカバー動画で世界的に話題に|ゲーム「ギターヒーロー」の難曲カバー動画でも人気|2013年からフランスのVigierのアーティスト。現在はバンドSpin Twiceで活動,フランスのギタリスト。10代前半から、ゲーム「ギターヒーロー」の難曲やヴァン・ヘイレン「Eruption」などのカバー動画をYouTubeに公開し、世界的に話題になった。2013年からフランスのギターメーカーVigierのアーティスト。現在はバンドSpin Twiceのギタリストとしてオリジナル曲を発表している。,日本でも「Eruptionを弾く少女」として動画で知った人が多いはず。カバーからオリジナルのバンドへ、次の一歩に注目です。,,,,https://www.facebook.com/Tina-S-181555232026760,https://www.youtube.com/@TinaS,,,,,,#ff8c42,2026-10-04,https://www.vigierguitars.com/artist-list-en/?staff-az=S,公式,draft
lita-ford,12,0,リタ・フォード,Lita Ford,,アメリカ,ソロ,B.C. Rich／Gibson SG,,1970年代の女性だけのロックバンドThe Runawaysのリードギタリスト|ソロで「Kiss Me Deadly」、オジー・オズボーンとのデュエット「Close My Eyes Forever」がヒット|B.C. Richのギターがトレードマーク,10代でThe Runawaysのリードギタリストとしてデビューし、その後ソロに転向。「Kiss Me Deadly」や、オジー・オズボーンとデュエットした「Close My Eyes Forever」などのヒットで、80年代のハードロック／ヘヴィメタルシーンを代表する存在になった。B.C. Richのギターと長年愛用するGibson SGを弾き分ける。1996年から2007年まで活動を休止したあと復帰し、現在もツアーを続けている。,女性リードギタリストの道を切り開いた「元祖シュレッド・クイーン」。公式サイトのバンド紹介には、ニッキーの夫パトリック・ケニソンの名前もあります。,https://www.litafordonline.com/,https://www.instagram.com/litafordofficial/,https://x.com/litaford,https://www.facebook.com/litaofficial,https://www.youtube.com/litafordtv,,,,,,#b0b7c3,2026-10-04,https://www.guitarworld.com/features/lita-ford-2024-interview,インタビュー,draft
joan-jett,13,0,ジョーン・ジェット,Joan Jett,,アメリカ,Joan Jett & the Blackhearts,Gibson Melody Maker,,The Runaways出身。Joan Jett & the Blackheartsで「I Love Rock 'n Roll」が大ヒット|2008年、女性として初めてGibsonのシグネチャーモデル（Melody Maker）|2015年にJoan Jett & the Blackheartsとしてロックの殿堂入り,The Runawaysでギターとボーカルを担当し、その後Joan Jett & the Blackheartsを結成。「I Love Rock 'n Roll」「Bad Reputation」などで、パンク、グラム、ヘヴィメタルと50〜60年代のロックンロールを混ぜ合わせたスタイルを確立した。20年以上ステッカーだらけのGibson Melody Makerをメインに弾き続け、2008年には女性として初めてGibsonからシグネチャーモデルが発売された。2015年にロックの殿堂入りを果たしている。,速弾きではなく、リフとカッティングで時代を作ったギタリスト。リタ・フォードと同じThe Runaways出身で、ギターを持つ女性の姿そのものを変えた人です。,https://www.joanjett.com/,https://www.instagram.com/joanjett/,https://x.com/joanjett,https://www.facebook.com/joanjettandtheblackhearts,https://www.youtube.com/channel/UCURhGCLPWhW4Ssy2bA0kbJg,https://www.tiktok.com/@joanjettofficial,,,,,#ff2e2e,2026-10-04,https://rockhall.com/inductees/joan-jett-blackhearts/,公式,draft
sonia-anubis,14,0,ソニア・アヌビス,Sonia Anubis,,オランダ,（Cobra Spellは活動休止中）,Jackson Warrior,,元Burning Witches（コートニーの現在のバンド）、元Cryptaのギタリスト|2019年に80年代風ロックバンドCobra Spellを結成（2026年2月から無期限の活動休止）|Jackson Warriorを愛用,オランダのギタリスト。スイスの女性ヘヴィメタルバンドBurning Witches、ブラジルのデスメタルバンドCryptaでギターを弾き、2022年にCryptaを離れて自身のバンドCobra Spellに専念した。Cobra Spellは2019年に結成した80年代ハードロック／グラムメタル直系のバンドで、Napalm Recordsからアルバム『666』（2023年）を発表。2026年2月に無期限の活動休止を発表し、メンバーはそれぞれの新しい活動に進んでいる。,コートニーが今いるBurning Witchesの元ギタリスト。デスメタルから80年代ロックまで弾きこなす幅の広さが魅力で、次の動きが楽しみです。,,https://www.instagram.com/soniaanubis/,,,https://www.youtube.com/@SoniaAnubis,,,,,,#c1121f,2026-10-04,https://live-metal.com/2026/02/18/cobra-spell-reaches-point-of-no-return-goes-on-indefinite-hiatus/,インタビュー,draft
nacoco,15,0,nacoco,nacoco,,韓国,YouTube,,,韓国出身。日本語と韓国語で発信するYouTubeギタリスト|J-ROCKやヴィジュアル系、アニメ曲のギターカバーを多数公開|VersaillesのHIZAKIとの共演動画も,韓国出身のギタリスト。YouTubeチャンネル「nacoco music」で、日本語と韓国語を交えながら演奏動画を公開している。MALICE MIZER、DIR EN GREY、GLAY、DEAD ENDなどのJ-ROCK／ヴィジュアル系から、Official髭男dismやVaundy、アニメ『ダンダダン』の曲、Mastodonまで、幅広いジャンルのギターカバーが人気。VersaillesのHIZAKIとの共演動画もある。チャンネル登録者は約6.2万人（2026年10月時点）。,日本のロックが大好きなのが動画から伝わってくる人。ヴィジュアル系の名曲カバーは、日本のファンほどぐっとくるはずです。,,https://www.instagram.com/nacoco98/,https://x.com/nacoco181235,,https://www.youtube.com/@nacocomusic1552,,,,,,#ff9ecd,2026-10-04,https://www.youtube.com/@nacocomusic1552,公式,draft
midori,16,0,Midori,Midori,,日本,LOVEBITES,ESP HORIZON-FR Midori Custom,,世界で活躍する女性メタルバンドLOVEBITESのギタリスト|ESPとEDWARDSからシグネチャーモデル|メインギターはESPのE-II HORIZON-FR,日本の女性ヘヴィメタルバンドLOVEBITESのギタリスト。ツインギターの一角として速弾きとメロディアスなソロを担う。ESPのアーティストで、メインギターとして愛用するE-II HORIZON-FRをもとにしたシグネチャーモデル「HORIZON-FR Midori Custom」（ESP）と「E-HORIZON-FR Midori Custom」（EDWARDS）が発売されている。,海外のメタルファンにも名前が知られている日本代表のシュレッダー。紫にこだわったシグネチャーモデルも華やかです。,,,https://x.com/midori_gt,,,,,,,,#7b2cbf,2026-10-04,https://espguitars.co.jp/artists/11283/,公式,draft
saki,17,0,SAKI,SAKI,ちゃっきー,日本,ソロ／AMAHIRU／Like-an-Angel,Killer Guitars 7弦シグネチャー,,Mary's Blood、NEMOPHILA（2024年まで）で活躍|2026年、ソロ初のアルバム『PLUVIA』でメジャーデビュー（Gus G.も参加）|L'Arc-en-Cielのtetsuya率いるLike-an-Angelのギタリスト,2010年にmixxでメジャーデビューし、10代からプロとして活動。アグレッシブな速弾きを武器に、Mary's Blood、NEMOPHILA、フレデリク・ルクレールとのプロジェクトAMAHIRUなどで活躍してきた。2023年からはL'Arc-en-Cielのtetsuya率いるLike-an-Angelにも参加。2024年にNEMOPHILAを離れ、2025年からソロ活動を本格化し、2026年にソロ名義初のギターインストアルバム『PLUVIA』でメジャーデビューした。ジョー・サトリアーニとアンディ・ティモンズに影響を受け、ギターを始めたきっかけは聖飢魔II。,「ちゃっきー」の愛称で親しまれるギターヒロイン。歌うようなメロディのギターインストは、速弾き好き以外にも届くはずです。,,,,,,,,,,,#f72585,2026-10-04,https://realsound.jp/2026/06/post-2436461.html,インタビュー,draft
yuki,18,0,Yuki,Yuki,,日本,East Of Eden／D_Drive,EDWARDS Flying V,,インストバンドD_Driveのギタリスト。海外（イギリス・アメリカ・中国・韓国）でも公演|2023年結成のEast Of Eden（Ayasaのバンド）のギタリスト|Marshallのエンドーサー,父親のギターを聴いて育ち、17歳で父のすすめでギターを始めた。インストゥルメンタルバンドD_Driveのギタリストとして「Driving Rock」と呼ぶ独自のスタイルを掲げ、日本だけでなくイギリス、アメリカ、中国、韓国でも公演している。2023年には、バイオリニストのAyasaを中心とする女性5人組ロックバンドEast Of Edenに参加し、D_Driveと並行して活動している。ESPのアーティストで、Marshallのエンドーサー。,D_Driveのツインリードで鍛えた正確な速弾きは圧巻。East Of Edenでは歌モノのバンドでも存在感を放っています。,,https://www.instagram.com/d_drive_gt_yuki/,https://x.com/d_drive_yuki,,https://www.youtube.com/channel/UCeEmcSP5EvHx4Fm12p_b31Q,,,,,,#4895ef,2026-10-04,https://www.marshall.com/au/en/all/endorsers/yuki,公式,draft
