artist_id,category,item,maker,maker_url,illust,note_ja,source_url,source_label,checked_on,status,image_url,image_credit,image_license,image_source_url,image_note
nita-strauss,guitar,JIVA シリーズ（JIVA10・JIVAX2・JIVAJR など）,Ibanez,https://www.ibanez.com/usa/products/detail/jiva10_1p_03.html,superstrat,本人のシグネチャーモデル。ピックアップはDiMarzio Pandemoniumシグネチャー,https://www.ibanez.com/eu/artists/detail/568.html,公式,2026-09-30,approved,/images/gear/jiva.jpg,Ibanez,メーカー許諾,https://www.ibanez.com/usa/products/detail/jiva10_1p_03.html,写真はJIVA10
nita-strauss,amp,JVM410HJS,Marshall,https://www.marshall.com/us/en/product/jvm410-head?pid=1007195,amp-stack,Marshallと契約した当時（2016年ごろ）の記事でメインアンプとして紹介,https://www.musicradar.com/news/guitars/nita-strauss-signs-with-marshall-amps-645419,インタビュー,2026-09-30,approved,/images/gear/jvm-official.jpg,Marshall,メーカー許諾,https://www.marshall.com/us/en/product/jvm410-head?pid=1007195,
nita-strauss,amp,CODE25,Marshall,https://www.marshall.com/us/en/product/code25-combo?pid=1007322,amp-combo,同じ記事で持ち運び用として紹介,https://www.musicradar.com/news/guitars/nita-strauss-signs-with-marshall-amps-645419,インタビュー,2026-09-30,approved,/images/gear/code25.jpg,Marshall,メーカー許諾,https://www.marshall.com/us/en/product/code25-combo?pid=1007322,
courtney-cox,guitar,Horus-M3 CC（シグネチャー）,Caparison,https://www.caparisonguitars.com/products/horus-cc-ef-courtney-cox-signature,superstrat,2018年に発表された本人のシグネチャーモデル,https://www.premierguitar.com/caparison-guitars-announces-the-courtney-cox-signature-horus-m3-cc,インタビュー,2026-09-30,approved,/images/gear/horus.jpg,Caparison,メーカー許諾,https://www.caparisonguitars.com/products/horus-cc-ef-courtney-cox-signature,
britt-lightning,guitar,Wild Card,Charvel,https://www.charvel.com/,superstrat,フロイドローズ付きで使用（2017年のインタビュー）,https://www.guitarworld.com/artists/vixen-brittany-denaro-interview,インタビュー,2026-09-30,approved,/images/gear/charvel.jpg,"Freebird from Madrid, Spain",CC BY-SA 2.0,https://commons.wikimedia.org/wiki/File:Charvel_So-Cal_Style_1_HH_Candy_Plum_(5848534104).jpg,写真は同じCharvelの別モデル（So-Cal Style 1）
britt-lightning,guitar,Les Paul,Gibson,https://www.gibson.com/,singlecut,Vixenのライブで使用（2017年のインタビュー）,https://www.guitarworld.com/artists/vixen-brittany-denaro-interview,インタビュー,2026-09-30,approved,/images/gear/lespaul.jpg,Jennifer Juniper J'anet & Specail K,CC BY-SA 2.0,https://commons.wikimedia.org/wiki/File:Gibson_Les_Paul_Standard_(cherry_sunburst).jpg,写真はLes Paul Standard
britt-lightning,amp,GrandMeister Deluxe 40,Hughes & Kettner,https://hughes-and-kettner.com/artist/britt-lightning/,amp-head,メーカー公式のアーティストページで紹介,https://hughes-and-kettner.com/artist/britt-lightning/,公式,2026-09-30,approved,,,,,
britt-lightning,amp,JCM2000,Marshall,https://www.marshall.com/,amp-stack,スタックで使用（2017年のインタビュー）,https://www.guitarworld.com/artists/vixen-brittany-denaro-interview,インタビュー,2026-09-30,approved,/images/gear/jcm2000.jpg,drvinay,CC BY 2.0,https://commons.wikimedia.org/wiki/File:Marshall_DSL401_-_My_trusty_amp.jpg,写真はJCM2000シリーズのコンボ（DSL401）
britt-lightning,effects,コンパクトエフェクター各種,MOOER,https://www.mooeraudio.com/artists_xq/1058426021246201856.html,pedal,メーカー公式のアーティスト。移動が多いツアー向きと本人談,https://www.mooeraudio.com/artists_xq/1058426021246201856.html,公式,2026-09-30,approved,,,,,
anna-cara,guitar,SG（カスタムショップ製 SG Jr など）,Gibson,https://www.gibson.com/,doublecut,「Gibson SGが特に好き」と本人談,https://www.guitarguitar.co.uk/news/142352/,インタビュー,2026-09-30,approved,/images/gear/sg.jpg,Roadside Guitars,CC BY-SA 2.0,https://commons.wikimedia.org/wiki/File:Gibson_SG_Standard_natural_sunburst_in_Case_(photographed_by_Roadside_Guitars).jpg,写真はSG Standard
anna-cara,amp,Kemper Profiler,Kemper,https://www.kemper-amps.com/profiler/overview,modeler,「安定していて毎回すごくいい音」と本人談,https://www.guitarguitar.co.uk/news/142352/,インタビュー,2026-09-30,approved,/images/gear/kemper-official.jpg,Kemper,メーカー許諾,https://www.kemper-amps.com/profiler/overview,
nita-strauss,effects,GT-1000（マルチエフェクター）,Boss,https://www.boss.info/us/products/gt-1000/,pedal,2019年のツアーではアンプの音作りとエフェクトをこれ1台で（Rig Rundown動画）,https://www.premierguitar.com/gear/rig-rundown-nita-strauss,インタビュー,2026-09-30,approved,/images/gear/gt1000.jpg,Boss,メーカー許諾,https://www.boss.info/global/products/gt-1000/,
nikki-stringfield,guitar,Nikki Stringfield A-6 FR S（シグネチャー）,Schecter,https://www.schecter-guitars.de/en/guitars/signature-guitar-models/nikki-stringfield-a-6-fr-s,superstrat,本人のシグネチャーモデル。アヴェンジャー型ボディで、ブリッジにシグネチャーピックアップ「Schecter USA NS-1」、ネックにSustainiac（サスティナー）、フロイドローズ1500搭載,https://www.schecter-guitars.de/en/guitars/signature-guitar-models/nikki-stringfield-a-6-fr-s,公式,2026-10-04,approved,,,,,
nikki-stringfield,amp,Kemper Profiler,Kemper,https://www.kemper-amps.com/,modeler,スタジオでもツアーでも使うと本人の公式サイトに記載。メイデンの曲はENGL Powerball、ソロやHeaven BelowはFriedmanのプロファイルを使うとインタビューで本人談（2023年）,https://www.nikki-stringfield.com/pages/gear,公式,2026-10-04,approved,,,,,
nikki-stringfield,amp,Silver Jubilee 2x12 キャビネット,Marshall,https://www.marshall.com/,amp-combo,本人の公式サイトの機材ページに記載,https://www.nikki-stringfield.com/pages/gear,公式,2026-10-04,approved,,,,,
orianthi,guitar,Private Stock Orianthi（シグネチャー）,PRS,https://www.prsguitars.com/,superstrat,Custom 24がベースの本人シグネチャー。指板はブラジリアン・ローズウッド、色は「ブルーミング・ロータス・グロウ」（2025年のRig Rundown）,https://www.premierguitar.com/videos/rig-rundown/orianthi,インタビュー,2026-10-04,approved,,,,,
orianthi,guitar,SJ-200 シグネチャー（アコースティック）,Gibson,https://www.gibson.com/,acoustic,チェリーカラーの本人シグネチャー。ネックはES-345風の薄めの形（2025年のRig Rundown）,https://www.premierguitar.com/videos/rig-rundown/orianthi,インタビュー,2026-10-04,approved,,,,,
orianthi,amp,Oriverb（シグネチャー）,Orange,https://orangeamps.com/pages/orianthi,amp-combo,本人と共同開発した50Wの2x12コンボ。Rockerverb 50 MKIII NEOがベースで、スプリングリバーブ付き,https://orangeamps.com/pages/orianthi,公式,2026-10-04,approved,,,,,
orianthi,effects,Cry Baby EVH ワウ ほか,Dunlop,https://www.jimdunlop.com/,pedal,ほかにDunlopのジミ・ヘンドリックス系（Octavio・Uni-Vibe）、MXR Analog Chorus、Boss BF-2・DD-3など（2025年のRig Rundown）,https://www.premierguitar.com/videos/rig-rundown/orianthi,インタビュー,2026-10-04,approved,,,,,
nili-brosh,guitar,「The Answer」（シグネチャー）,Ibanez,https://www.ibanez.com/,superstrat,RGがベースの本人初のシグネチャーモデル（2026年発表）。それまでLAカスタムショップ製のRG770をツアーで使っていた,https://www.thepitchkc.com/?p=929798,インタビュー,2026-10-04,approved,,,,,
nili-brosh,guitar,RG1527・RG927,Ibanez,https://www.ibanez.com/,superstrat,メーカー公式のアーティストページに使用モデルとして掲載（7弦のRG1527と、RG927）,https://www.ibanez.com/usa/artists/detail/961.html,公式,2026-10-04,approved,,,,,
yvette-young,guitar,YY10（シグネチャー）,Ibanez,https://www.ibanez.com/usa/products/detail/yy10_1P_01.html,superstrat,愛用のTalmanをもとにしたシグネチャー。Seymour Duncan Five Twoピックアップ、Wilkinsonトレモロ,https://www.ibanez.com/jp/news/detail/20201022100346.html,公式,2026-10-04,approved,,,,,
yvette-young,amp,AC30,Vox,https://voxamps.com/,amp-combo,2023年のRig Rundownで紹介したアンプ,https://www.premierguitar.com/videos/rig-rundown/yvette-young-2023,インタビュー,2026-10-04,approved,,,,,
yvette-young,effects,The Warden ほか,EarthQuaker Devices,https://www.earthquakerdevices.com/,pedal,コンプレッサーのThe Wardenのほか、Avalanche Run、Meris Mercury7、Hologram Microcosmなど空間系を多用（2023年のRig Rundown）,https://www.premierguitar.com/videos/rig-rundown/yvette-young-2023,インタビュー,2026-10-04,approved,,,,,
sophie-lloyd,guitar,シグネチャーモデル,Kiesel,https://www.kieselguitars.com/,superstrat,Kieselで女性初のシグネチャー。ブリッジにKiesel Lithium、ネックにSustainiac、キルスイッチ付き（Rig Rundown）,https://www.premierguitar.com/videos/rig-rundown/rig-rundown-mgks-justin-lyons-and-sophie-lloyd,インタビュー,2026-10-04,approved,,,,,
sophie-lloyd,amp,Kemper Profiler,Kemper,https://www.kemper-amps.com/,modeler,Machine Gun Kellyのツアーで使用。好きなDiezelの音を再現できたと本人談（Rig Rundown）,https://www.premierguitar.com/videos/rig-rundown/rig-rundown-mgks-justin-lyons-and-sophie-lloyd,インタビュー,2026-10-04,approved,,,,,
sophie-lloyd,amp,Quad Cortex,Neural DSP,https://neuraldsp.com/,modeler,自宅ではこちらを使うと本人談（Rig Rundown）,https://www.premierguitar.com/videos/rig-rundown/rig-rundown-mgks-justin-lyons-and-sophie-lloyd,インタビュー,2026-10-04,approved,,,,,
jennifer-batten,guitar,Parallaxe,Washburn,https://washburn.com/,superstrat,本人の公式サイトの機材ページに記載,https://www.jenniferbatten.com/biography/gear/,公式,2026-10-04,approved,,,,,
jennifer-batten,amp,Amp 1（100W・4チャンネル）,BluGuitar,https://www.bluguitar.com/,amp-head,真空管入りで重さ約1.4kgの小型ヘッド。キャビネットはBluGuitar Fat Cab（本人の公式サイトの機材ページ）,https://www.jenniferbatten.com/biography/gear/,公式,2026-10-04,approved,,,,,
tina-s,guitar,Vigierのギター,Vigier,https://www.vigierguitars.com/,superstrat,2013年からVigierのアーティストとしてメーカー公式サイトに掲載,https://www.vigierguitars.com/artist-list-en/?staff-az=S,公式,2026-10-04,approved,,,,,
lita-ford,guitar,B.C. Rich 各種,B.C. Rich,https://bcrich.com/,superstrat,「B.C. Richは当時の神だった」と本人談。SGと弾き分けている（2024年のインタビュー）,https://www.guitarworld.com/features/lita-ford-2024-interview,インタビュー,2026-10-04,approved,,,,,
lita-ford,guitar,SG,Gibson,https://www.gibson.com/,doublecut,「古いジーンズみたいに特別な1本」と本人談（2024年のインタビュー）,https://www.guitarworld.com/features/lita-ford-2024-interview,インタビュー,2026-10-04,approved,,,,,
lita-ford,amp,Kemper Profiler,Kemper,https://www.kemper-amps.com/,modeler,愛用のMarshall JCM800とDSL100の音をプロファイルして持ち運んでいると本人談（2024年のインタビュー）,https://www.guitarworld.com/features/lita-ford-2024-interview,インタビュー,2026-10-04,approved,,,,,
lita-ford,effects,Jerry Cantrell Cry Baby ワウ,Dunlop,https://www.jimdunlop.com/,pedal,「手放せない機材」として本人が挙げたワウ（2024年のインタビュー）,https://www.guitarworld.com/features/lita-ford-2024-interview,インタビュー,2026-10-04,approved,,,,,
joan-jett,guitar,Melody Maker（シグネチャー）,Gibson,https://www.gibson.com/,singlecut,20年以上メインで弾くステッカーだらけのMelody Maker（Velvet Hammerピックアップ1基）。2008年にシグネチャーモデルが発売された,https://www.premierguitar.com/gear/rig-rundown-joan-jett-and-the-blackhearts,インタビュー,2026-10-04,approved,,,,,
joan-jett,amp,HD-130 コンボ,Music Man,https://www.music-man.com/,amp-combo,「I Love Rock 'n Roll」もこのアンプで録ったとギターテックが紹介（Rig Rundown）,https://www.premierguitar.com/gear/rig-rundown-joan-jett-and-the-blackhearts,インタビュー,2026-10-04,approved,,,,,
sonia-anubis,guitar,Warrior（WR1 USA カスタムショップ など）,Jackson,https://www.jacksonguitars.com/,superstrat,「いつもJackson Warrior」と本人談。お気に入りは「666 Warrior From Hell」と名付けたWR1（2024年のインタビュー）,https://obscuro.eu/chatting-with-sonia-of-cobra-spell/,インタビュー,2026-10-04,approved,,,,,
sonia-anubis,amp,5150 100W ＋ 4x12 キャビネット,EVH,https://www.evhgear.com/,amp-stack,ツアーで使うアンプとして本人が紹介（2024年のインタビュー）,https://obscuro.eu/chatting-with-sonia-of-cobra-spell/,インタビュー,2026-10-04,approved,,,,,
sonia-anubis,effects,GT-1000,Boss,https://www.boss.info/,pedal,アンプのエフェクトループに4ケーブル方式でつないで使用（2024年のインタビュー）,https://obscuro.eu/chatting-with-sonia-of-cobra-spell/,インタビュー,2026-10-04,approved,,,,,
midori,guitar,HORIZON-FR Midori Custom（シグネチャー）,ESP,https://espguitars.co.jp/,superstrat,メインギターのE-II HORIZON-FRをもとにしたシグネチャー。ESP版はグリッターストームバイオレット、EDWARDS版（E-HORIZON-FR Midori Custom）はロイヤルアメジストサンバースト,https://espguitars.co.jp/productinfo/57289/,公式,2026-10-04,approved,,,,,
saki,guitar,7弦シグネチャーモデル,Killer Guitars,https://www.killer-guitars.com/,superstrat,Fascist Vice（ルーク篁モデルがベース）の7弦版。ボディはアルダー、ピックアップはSeymour Duncan Invader、桜のインレイ（2021年のインタビュー）,https://www.barks.jp/news/?id=1000208939,インタビュー,2026-10-04,approved,,,,,
saki,amp,JVM410（Tattooシリーズ）,Marshall,https://www.marshall.com/,amp-head,「もうずっとJVM」と本人談。派手なペイントのTattooシリーズ（2021年のインタビュー）,https://www.barks.jp/news/?id=1000208939,インタビュー,2026-10-04,approved,,,,,
saki,effects,Axe-Fx III,Fractal Audio,https://www.fractalaudio.com/,modeler,ライブではJVMのセンド／リターンにつないでエフェクターとして使用（2021年のインタビュー）,https://www.barks.jp/news/?id=1000208939,インタビュー,2026-10-04,approved,,,,,
yuki,guitar,Flying V,EDWARDS,https://espguitars.co.jp/,superstrat,D_Driveの演奏動画で使用（2022年の記事）,https://www.guitarworld.com/news/d-drive-i-remember-the-town-playthrough,インタビュー,2026-10-04,approved,,,,,
yuki,amp,JVM410H（カスタム）,Marshall,https://www.marshall.com/,amp-stack,エフェクターは使わずMarshallの音そのままで弾く（2022年の記事）。Marshall公式のエンドーサーページには1960A 4x12キャビネットも掲載,https://www.guitarworld.com/news/d-drive-i-remember-the-town-playthrough,インタビュー,2026-10-04,approved,,,,,
