artist_id,year_from,year_to,band,role_ja,source_url,source_label,checked_on,status
nita-strauss,2011,2014,The Iron Maidens,ギター（ステージネーム Mega Murray）,https://www.nitastrauss.com/,公式,,approved
nita-strauss,2014,,Alice Cooper,ツアーギタリスト,https://alicecooper.com/,公式,,approved
nita-strauss,2018,,ソロ,ソロアーティスト,https://www.nitastrauss.com/,公式,,approved
nita-strauss,2022,2022,Demi Lovato,ツアーギタリスト,https://www.nitastrauss.com/,公式,,approved
courtney-cox,2008,2023,The Iron Maidens,リードギター（ステージネーム Adriana Smith）,https://cc-shred.com/,公式,,approved
courtney-cox,2023,,Burning Witches,リードギター,https://cc-shred.com/,公式,,approved
britt-lightning,,,Jaded,ギター,https://www.brittlightning.com/,公式,,approved
britt-lightning,2017,,Vixen,リードギター,https://vixenofficial.com/,公式,,approved
anna-cara,,,Crossbone Skully,ギター,https://annacaraofficial.com/,公式,,approved
anna-cara,,,Storace,リードギター,https://annacaraofficial.com/,公式,,approved
anna-cara,2026,2026,Alice Cooper,ツアーギタリスト,https://alicecooper.com/,公式,,approved
nikki-stringfield,,,The Iron Maidens,ギター,https://www.nikki-stringfield.com/pages/about,公式,2026-10-04,draft
nikki-stringfield,2019,,Heaven Below,ギター,https://www.nikki-stringfield.com/pages/about,公式,2026-10-04,draft
nikki-stringfield,2019,,ソロ,ボーカル・ギター・作曲,https://www.nikki-stringfield.com/pages/about,公式,2026-10-04,draft
orianthi,2009,,ソロ,ソロアーティスト,https://www.orianthi.me/,公式,2026-10-04,draft
orianthi,2009,2009,Michael Jackson「This Is It」,ギタリスト（公演は実現せず）,https://www.orianthi.me/,公式,2026-10-04,draft
orianthi,2011,2014,Alice Cooper,ツアーギタリスト,https://www.loudersound.com/news/orianthi-rejoins-alice-cooper,インタビュー,2026-10-04,draft
